Dia_do_Teste;MSFT_Real_US$;MSFT_Previsto_US$;NVDA_Real_US$;NVDA_Previsto_US$;GOOGL_Real_US$;GOOGL_Previsto_US$;META_Real_US$;META_Previsto_US$
1;413,6317138671875;416,48956042741236;124,51995086669922;120,98746531477181;161,80967712402344;160,57183474067665;524,3886108398438;533,7615813040001
2;416,65631103515625;416,2543603678146;129,93736267089844;123,55008599024728;165,4934844970703;160,68211470572496;526,2379760742188;531,510717501395
3;419,8885192871094;419,5781359665412;127,18868255615234;127,4172908220926;165,9998779296875;162,97025741348295;523,70263671875;532,0265301032906
4;419,23614501953125;420,0671427742056;128,4380645751953;127,60807216350463;164,67930603027344;163,2919300780166;532,0841064453125;527,5993427581145
5;410,7454528808594;421,2851620195918;123,68035888671875;128,77868883623233;162,6437530517578;163,10814700471815;528,872802734375;529,9858834882452
6;411,97113037109375;417,82508079227847;129,30763244628906;127,5353266309777;164,45089721679688;162,5909696817591;524,96533203125;531,7809104792515
7;408,70928955078125;422,1268060327752;126,39905548095703;129,13262833957077;164,9870758056641;165,1501512273517;518,1249389648438;535,4799114675765
8;409,0552062988281;415,83172934216196;128,23817443847656;128,12054525991482;163,51751708984375;165,07443773856855;516,1163940429688;522,8916208616046
9;405,85272216796875;416,16191622037223;125,54946899414062;128,64079530880537;161,70045471191406;164,4465767566845;513,8098754882812;524,1879274423081
10;408,34356689453125;410,99240114774926;117,53332519531251;127,19823356015044;160,6379852294922;162,01909718674585;515,2415771484375;517,3358305109028
11;412,31707763671875;411,2405509849152;119,31246948242188;123,42555955233996;162,2267303466797;161,39362619818152;518,3137817382812;518,9910433066892
12;404,70611572265625;414,6275872792914;107,9479446411133;122,30554620314443;156,24920654296875;162,69809292720967;508,81866455078125;523,8323420302056
13;404,17236328125;403,55276859208584;106,1588134765625;114,88460704511243;155,34564208984375;157,91663482427828;509,7929992675781;509,66863802595947
14;403,6682434082031;402,4306704755941;107,15834045410155;111,68681595017256;156,13006591796875;157,89070328186483;513,889404296875;512,8732071244704
15;397,05560302734375;401,9567435030869;102,7804412841797;110,18605360139189;149,8546600341797;157,96122734954537;497,39471435546875;514,0814624257727
16;401,02911376953125;397,17222341185504;106,41867828369142;106,99532891722747;147,85621643066406;153,80707342400646;501,8887634277344;505,807024200569
17;409,41107177734375;400,2714777598087;108,04789733886719;107,07267785062915;147,80648803710938;151,28372445936145;501,8887634277344;507,91724436858425
18;418,14886474609375;407,1786168593362;116,85365295410156;108,74946766038298;150,29212951660156;150,8229512918748;508,8882141113281;511,850996452828
19;422,0630798339844;415,5897904830061;119,0927734375;112,65978625789121;153,80186462402344;152,41838126814307;522,5792236328125;512,2343097291799
20;425,611572265625;423,99636191286993;119,05277252197266;116,64817105059402;156,5559844970703;155,51344254562443;521,6047973632812;522,7940496883314
21;426,3529052734375;425,7057186221537;116,73369598388672;117,26211830462123;157,1525115966797;156,71531202221234;530,7208251953125;521,8632863187067
22;430,1188049316406;428,643260115571;115,54417419433594;116,90170132105423;158,40528869628906;157,39468580394015;533,7462158203125;529,3942606118133
23;425,82904052734375;431,86470579998445;113,3250503540039;116,54936423426908;158,89247131347653;158,6627370903647;535,3684692382812;534,3764906234907
24;433,6179504394531;429,7561498626367;117,8232650756836;115,03692782142357;161,20909118652344;158,8975801125742;556,4169311523438;534,8805961005409
25;430,2374572753906;437,1476526334704;115,95401000976564;117,76125359580446;162,65077209472656;161,85040686284546;558,6561279296875;549,4043932298168
26;428,497802734375;433,895878997594;116,21391296386717;115,88212052168649;160,9207763671875;161,1352530554587;561,701416015625;551,7570641809085
27;424,2080078125;437,0354439766791;120,82208251953125;117,21171242545059;161,3582305908203;163,22376685167274;560,6265869140625;562,8542228000479
28;427,1139831542969;434,4926809743648;123,4610366821289;118,78865251199376;160,56283569335938;162,60304350989944;565,5827026367188;559,3729228941165
29;426,3232421875;435,2921098069473;123,99082946777342;121,36450481285614;161,7957000732422;161,84639071803167;565,1149291992188;561,7130996467924
30;423,0712890625;438,732505671685;121,35187530517578;123,47433092607596;163,0087127685547;164,483853938538;564,6372680664062;568,2204969242271
31;425,324951171875;432,3605709012428;121,39186096191405;120,97772324909765;164,89781188964844;164,58782103480758;569,6929321289062;562,0872794738033
32;415,8260498046875;431,10775608523676;116,95362091064455;119,75172252537487;166,03126525878906;165,257476182193;573,7035522460938;564,4268329840318
33;412,30718994140625;421,99229565888095;118,80288696289061;116,85950844135755;164,90774536132812;165,23578649197984;570,0611572265625;565,023315870791
34;411,7240295410156;418,9132295723473;122,80130004882811;116,25130361604438;164,90774536132812;164,4827613540967;579,973388671875;566,5335059392128
35;411,24957275390625;418,1757205967128;124,87047576904297;119,1094417231673;166,10084533691406;164,15741883276374;593,0801391601562;571,5829637192397
36;404,8049621582031;419,24204030469355;127,6693649291992;121,45373380200658;162,04425048828125;165,4557312448467;581,9737548828125;580,1906458314754
37;409,9151916503906;413,10856278194143;132,83731079101562;123,28511668887656;163,4362335205078;162,0301656679356;590,044677734375;577,6170066458444
38;412,6333923339844;417,61786609570413;132,597412109375;127,64267458989669;160,93069458007812;162,98508428352682;587,6762084960938;582,6591321801642
39;411,0321044921875;416,3341005120387;134,75656127929688;129,20994262232114;161,1494598388672;161,37275377891496;581,0281982421875;579,3852885507239
40;411,506591796875;417,058246964237;134,74656677246094;131,20939435673083;162,30276489257812;161,35130599837737;587,1188354492188;579,6169045356166
41;414,2939758300781;417,59371209537176;138,01527404785156;132,49448805017698;164,0129089355469;163,09384159754487;587,5866088867188;580,9478911230606
42;413,89862060546875;420,98847432142963;131,54783630371094;134,62941522715516;164,51004028320312;164,79462968409337;583,45654296875;584,6708817933736
43;411,30889892578125;416,1441560306716;135,6662139892578;131,57200928911092;164,21176147460938;165,37428602150516;574,0220336914062;575,8296185780468
44;411,9019775390625;414,90782901049266;136,87571716308594;132,22541393364443;161,9945526123047;165,39407762877983;574,1613159179688;571,9429569686133
45;413,3253173828125;418,18648921457174;137,94529724121094;135,09794231398317;162,4817657470703;164,5130605116434;573,7035522460938;573,9124808316034
46;413,9381103515625;417,879018968823;143,6530303955078;135,82368666927496;163,12802124023438;163,91974496125502;572,3997802734375;573,4934902729841
47;422,56719970703125;421,82617667176817;143,53309631347656;138,86468503853436;164,19186401367188;164,3469949504041;579,2169189453125;571,121733601361
48;419,6908264160156;429,3814545316436;139,50466918945312;140,8728326961346;161,8454132080078;165,96094441358414;560,98486328125;575,9959949626209
49;419,8193054199219;425,8201075787955;140,35433959960938;138,54299560855287;161,7857666015625;164,87597757233746;565,0552368164062;563,4060352149937
50;423,1997985839844;425,6023660833564;141,48388671875;138,52413492181472;164,32110595703125;164,41130328617237;570,4989624023438;559,7915888568526
51;421,6578063964844;432,11894727986754;140,46429443359375;139,5635267997546;165,76280212402344;168,1293865833774;575,3854370117188;567,8796177852688
52;426,9559020996094;429,1026280103923;141,19400024414062;138,50375006173311;168,70579528808594;168,8335079874793;590,4329223632812;566,6426263720498
53;427,5291442871094;432,09611100785514;139,28475952148438;138,35231714460784;173,45835876464844;172,04937888093187;588,9599609375;575,0679830963927
54;401,6518249511719;435,1224353662676;132,70738220214844;136,21675955403768;170,12757873535156;176,3121305370482;564,856201171875;576,9311028398399
55;405,6253662109375;413,0885902130112;135,34632873535156;131,3295827310613;170,30654907226562;171,1679057452248;564,438232421875;560,985801595041
56;403,7373962402344;413,14343527692836;135,99607849121094;132,19435343752576;168,26832580566406;171,5931711300017;557,9893188476562;559,6024463087973
57;406,7027587890625;412,2468785884017;139,8545379638672;133,81542282758144;168,76547241210938;170,48231255825667;569,6829223632812;556,4018756783536
58;415,3219299316406;414,67826377001626;145,55227661132812;135,45994236728714;175,49659729003906;171,03126915524675;569,3047485351562;562,3068164910296
59;420,5111999511719;420,8946246341515;148,8209991455078;139,12631500788268;179,71224975585938;176,01884103762745;588,8604736328125;557,4115743166449
60;417,6546630859375;426,44344313153346;147,57147216796875;142,7130820459166;177,32601928710938;179,2392788363859;586,5117797851562;570,5446790745511
61;413,17706298828125;425,0826623650619;145,20240783691406;143,14474827673388;179,3145294189453;178,8605040517232;580,3713989257812;572,6254714479235
62;418,13897705078125;420,57068515231504;148,23118591308594;142,27026718675154;180,57725524902344;179,1067921480922;582,0134887695312;567,9103300083763
63;420,28387451171875;424,14442163786146;146,21202087402344;144,14848587341808;177,8529815673828;181,45498978947072;577,216552734375;573,5244833911603
64;421,9543762207031;424,10291383073405;146,70181274414062;143,8832082856685;174,57192993164062;180,28932359248424;574,3902587890625;567,1470401953708
65;410,2017822265625;424,3176993006186;141,92369079589844;143,52183146450614;171,49966430664065;178,1247544048115;551,4210815429688;563,812403121925
66;410,9530334472656;416,8242201765366;140,09442138671875;140,03001743238443;174,2935333251953;175,07765664291074;551,739501953125;548,6131056713477
67;412,9595642089844;414,9041480306432;146,95172119140625;138,06256427486855;177,09732055664062;175,9614893496628;558,3973999023438;543,8186949595837
68;410,6861572265625;417,3648202440697;145,83216857910156;140,96802483281638;174,96961975097656;177,13861470324656;562,80615234375;547,5840955076033
69;408,9132995605469;421,9079129603596;146,6118621826172;142,85139221281696;166,66758728027344;177,60239471612883;560,3877563476562;554,8393534988273
70;413,0037536621094;418,2762949421644;141,8937225341797;142,39675070045718;163,81405639648438;172,80712976723245;556,4567260742188;549,2111712576723
71;414,776611328125;419,66272028231094;135,96609497070312;141,08643436244725;166,68743896484375;170,95414622513144;562,3980712890625;553,2006083797503
72;423,888427734375;420,2787163904453;136,86572265625;137,76327374672823;168,14901733398438;171,7790769620184;570,7876586914062;554,5833832899747
73;418,9363098144531;424,48479881877677;135,2863311767578;136,79319563922846;168,25836181640625;172,1502083483899;566,4683837890625;564,4750789125449
74;419,4018249511719;421,17044253289436;138,19520568847656;134,4714231506646;167,97998046875;171,07600530035145;571,5639038085938;558,5072588441556
75;426,84979248046875;423,8041570721038;138,5750274658203;136,24925379671436;170,50543212890625;171,5984233334554;589,9850463867188;563,5373339258481
76;427,0676574707031;430,0845279136001;140,20440673828125;137,32241638222837;170,35626220703125;172,46499545291366;610,705078125;574,674894146035
77;433,22802734375;431,89716589915724;145,0824737548828;137,77182136051917;173,36888122558594;172,4891810601728;610,8345336914062;588,3476616372493
78;438,3782043457031;437,81184833380945;145,0124969482422;140,8046470083474;171,64881896972656;174,34102875509186;606,0076904296875;596,4748676678045
79;439,3191223144531;441,02136514541996;142,39334106445312;142,34902625837475;173,70693969726562;174,98138265622336;620,776611328125;597,4867262527408
80;441,7456359863281;448,4087436985919;138,7645263671875;142,3641506725242;174,56297302246094;176,20607582140528;610,6254272460938;607,20864166664
81;439,0813903808594;447,3368237907628;135,0257568359375;139,0992189517252;184,31787109375;175,42669825379215;616,3480224609375;602,0271162291648
82;444,6871643066406;445,9943822567181;139,2643585205078;135,80184415684312;194,50079345703122;179,9727735575958;629,643798828125;598,2243603293253
83;445,2516784667969;452,63376878240354;137,29501342773438;136,58878516123258;191,07662963867188;186,07992493299983;627,7628784179688;607,384244429972
84;442,983642578125;455,64176044332135;134,20602416992188;136,36787158841116;188,94647216796872;189,26832128811137;617,373046875;613,6911239520987
85;447,2622680664063;452,30457274032835;131,95675659179688;135,3086350011006;195,75498962402344;188,5523197591854;621,7454223632812;608,6249991821044
86;450,1047058105469;452,98989129017076;130,3472900390625;132,96372936049255;194,5206909179687;190,81105756649674;616,964599609375;608,2386653138067
87;433,1983337402344;453,18028102010084;128,86778259277344;130,41808949503354;187,53300476074216;191,82614513855708;594,8035278320312;606,0906799241383
88;432,8417663574219;440,7968175564838;130,63717651367188;128,7126774282171;187,64250183105466;186,5784791431739;593,18994140625;593,0824401159538
89;432,4159240722656;439,43295948455926;134,65586853027344;128,46440684487118;190,52914428710935;186,55126601389213;582,9112548828125;589,6550808239866
90;431,078857421875;438,025895276844;139,62425231933594;128,12742236388996;193,73434448242185;186,78388918906197;597,452880859375;575,6246783629039
91;435,11968994140625;440,00334120164143;140,17408752441406;133,18193227870853;195,20751953124997;190,05349368413903;605,3212890625;583,6498558205604
92;433,9114074707031;440,8037903701565;139,88417053222656;135,7726893493885;194,69989013671872;191,96235745107703;600,9389038085938;590,8770923698457
93;426,404052734375;438,1608371415458;136,96511840820312;135,87582936071675;191,87292480468744;192,36319202586998;597,4130859375;588,0094062159169
94;420,7586669921875;430,6042148580149;137,44496154785156;133,95129259431297;190,35995483398435;190,14571875329335;588,877197265625;578,9478727066495
95;417,46063232421875;425,36892496591605;134,2460174560547;133,78948646945642;188,42884826660156;188,7021153867702;583,1702270507812;576,0759232723212
96;414,5685729980469;422,9948411762494;138,2646942138672;133,24399072615708;188,5582733154297;187,03689828197093;596,8452758789062;572,5972271214006
97;419,29290771484375;420,11958490076336;144,4226837158203;133,87072418566044;190,90739440917966;185,52731140058677;602,2137451171875;577,8227786992082
98;423,749755859375;425,34420893484946;149,38104248046875;138,5179641617643;195,96400451660153;188,5961985989239;627,681640625;587,6666247460927
99;418,3222961425781;432,0457856309033;140,09408569335938;144,03476315997239;194,59039306640622;192,41635186420243;615,4208374023438;601,9628161024837
100;420,4913024902344;424,48908553668815;140,06410217285156;141,77824943547967;193,05746459960938;190,68158572158163;608,2794189453125;597,5498665660682
101;414,93505859375;423,48334482049387;135,86549377441406;139,8812299115437;191,15625;190,3897756832712;613,3988647460938;594,6091543279584
102;413,1919250488281;421,96641279825064;133,1863555908203;136,85283119394927;190,13099670410153;190,96590864390072;605,8990478515625;597,2278938387126
103;411,6864929199219;417,26902124170556;131,71682739257812;133,2104442825964;188,7872161865234;188,7334808652734;591,875244140625;592,628597250487
104;422,22454833984375;416,3166506655331;136,1953887939453;133,03424406615346;194,65011596679688;187,62662871292346;614,6538696289062;588,1528275535351
105;420,5110778808594;425,0324717744192;133,52626037597656;134,51066444810593;192,02224731445312;191,23872972539033;608,8570556640625;599,2277608771727
106;424,91845703125;424,03498786726203;137,66490173339844;135,00874154678016;195,09803771972653;189,9622400321987;610,3212890625;596,9911075781403
107;424,3935546875;429,03445750283265;140,78387451171875;136,37059252044318;197,1385955810547;192,24336742408963;613,9965209960938;600,1729382146843
108;441,9239196777344;431,2338641221522;147,0218505859375;138,4901974200429;197,45712280273435;194,9083957094317;621,0084228515625;601,3966933500304
109;442,4290466308594;443,0431597346172;147,17178344726562;143,3592175084124;197,0689239501953;196,67327224585733;633,9066162109375;610,4169693480809
110;439,804443359375;446,437926577458;142,57327270507812;144,9740015448065;199,28866577148435;196,9786796331249;644,9024658203125;616,5035829359135
111;430,39544677734375;446,299856225812;118,38120269775389;144,52604830615743;190,92730712890622;197,82463605767055;657,2429809570312;621,8378435748318
112;442,91436767578125;429,7678693397685;128,94776916503906;129,03700950452756;194,40126037597656;190,47433826739316;671,6353149414062;620,022917318924
113;438,0910339355469;441,3633811262545;123,65948486328125;130,36225224776445;194,51075744628906;192,52880365197905;673,78662109375;649,1516124457303
114;411,01300048828125;444,60343502042736;124,60917663574219;129,85988074484732;199,9456329345703;193,08578264731148;684,2546997070312;658,6135679228728
115;411,0823059082031;429,9447701865778;120,03067016601561;126,83020975102875;203,08113098144528;193,79885006516184;686,4259033203125;668,4825108155258
116;406,9820556640625;426,51858913817324;116,62179565429689;125,5940752113783;200,30395507812497;196,15013023138906;694,6728515625;667,674743565235
117;408,4181213378906;420,40961555218007;118,61112976074219;121,38640107386196;205,43026733398438;194,7989253814416;701,3759155273438;667,7541086872094
118;409,3293151855469;422,06602878380596;124,78911590576173;121,98195406513547;190,44952392578122;197,23149531399523;702,05322265625;679,6333199544915
119;411,8350830078125;419,5982225528639;128,63784790039062;123,93055353524733;190,71827697753906;188,46173781246097;709,1447143554689;681,2324766205683
120;405,8232116699219;425,3450428399805;129,79745483398438;128,78038085397733;184,48707580566406;188,32169317120386;711,6646728515625;696,5094504851778
121;408,2695617675781;421,0032801126961;133,52626037597656;129,2916125125138;185,61187744140625;184,11084410841673;714,5331420898436;697,0578625804364
122;407,4970397949219;422,9446875331138;132,7565155029297;132,80534075623262;184,46717834472656;183,5039108803564;716,9234619140625;703,8132073064315
123;405,1200256347656;417,2165513482933;131,09706115722656;133,42997423939167;182,76504516601562;181,67977578616916;722,4812622070312;702,6984337834383
124;406,60565185546875;414,6301615536111;135,2456817626953;132,82030757912514;185,2834014892578;180,0902918475394;725,6486206054688;705,0677660089751
125;404,5158386230469;417,1255191830186;138,80453491210938;135,25184637250007;184,37757873535156;180,61737321889606;733,7261962890625;710,6695064205367
126;405,7142639160156;420,2849414569259;139,35435485839844;139,92740970434556;182,92430114746094;181,53621965385366;713,5072021484375;718,9108370965128
127;410,79510498046875;413,5134864661906;139,18438720703125;140,58228714722955;184,41741943359375;179,5180434351573;700,9576416015626;700,5130956493969
128;412,9684753417969;417,779203892684;140,06410217285156;141,6481693080632;183,71067810058594;180,6242421922929;692,0632934570312;690,9420855305278
129;405,108642578125;425,69016057273797;134,38595581054688;141,84796074746959;178,83322143554688;180,05684379442013;680,8184204101562;685,1834496625717
130;400,93060302734375;419,7450890704417;130,23733520507812;139,24829604953584;178,42510986328125;177,03228915653958;665,4600219726562;676,4181917796901
131;394,8769836425781;415,47343685286256;126,58852386474611;136,3861870312548;174,6127471923828;176,38189227187982;654,87255859375;665,5781079048784
132;396,6930847167969;408,0944903481281;131,23699951171875;131,45421369762258;171,9351043701172;172,644865711949;671,0077514648438;650,8031011186114
133;389,5477600097656;410,14818537368427;120,11065673828125;132,85603403304873;167,72457885742188;172,49043709556676;655,6095581054688;662,4724845632043
134;393,9739074707031;402,393870042954;124,87908172607422;128,38862615087385;169,4963836669922;169,03350239109807;665,5297241210938;654,7996569051821
135;385,5384826660156;405,0383129189025;114,02263641357423;125,4139981043241;166,24143981933594;169,41877778476598;652,4323120117188;653,6005762300289
136;385,65753173828125;398,9726731380197;115,9520034790039;121,39675925093255;170,13345336914062;167,123031126537;637,4423828125;650,3558638554764
137;397,9732666015625;396,6828809811224;117,26158142089842;118,35009166368884;172,2238006591797;167,8869315520293;653,8466186523438;635,4690461889562
138;393,8746643066406;406,18151913499656;110,53378295898438;120,11607565410861;171,556884765625;170,60035769565238;625,420654296875;644,1617392137721
139;390,3218688964844;402,3902086679047;112,65309143066406;116,27162489934496;173,05990600585938;168,89022545192665;623,1597290039062;631,0033945968363
140;377,2717590332031;401,12968395329403;106,94496154785156;114,83224441795309;165,2968292236328;169,96139600195806;595,6002807617188;619,7223139768995
141;377,5595397949219;390,5691534294754;108,72438049316406;110,76843576375151;163,47314453125;164,9940573312522;603,2894897460938;599,1295554267355
142;380,35809326171875;389,67016910577297;115,71273803710936;110,6024931324715;166,53256225585938;163,42168415830335;617,0841674804688;602,5344217322435
143;375,8923034667969;394,69753969260506;115,55277252197266;115,20984564752348;162,19757080078125;165,6012743279342;588,2797241210938;618,6494691637414
144;385,60791015625;391,8525519456669;121,6413345336914;116,10324863351383;164,91815185546875;163,9459914429854;605,7102661132812;603,5883487236055
145;385,7469177246094;398,34962879990564;119,50183868408202;119,98482274057179;163,72230529785156;165,23660945092055;603,0187377929688;605,7121499157307
146;380,6062316894531;400,219015618364;115,40280151367186;121,13865500351183;160,11480712890625;165,44487388696086;580,548828125;603,2960372304211
147;384,87359619140625;393,63696401915115;117,49230957031249;117,95313053033146;163,3236846923828;162,91055206901615;582,2435913085938;583,6779591989209
148;383,9010314941406;398,8972021308845;118,50206756591798;119,45084460527191;162,23744201660156;165,41665076647735;584,1774291992188;583,4807710284755
149;388,28741455078125;397,17046663919024;117,6722640991211;119,24060164207893;163,42333984375;164,57609213538916;594,3955688476562;582,403526262968
150;390,0935974121094;401,115587876965;121,38140106201173;119,24910121360523;167,10058593749997;165,16068016626303;616,9253540039062;585,7261628633325
151;392,1578063964844;406,65340198296826;120,66156768798828;122,11728532627318;169,97064208984375;167,69636402828397;624,3621826171875;605,9341373074946
152;387,0072326660156;405,7414072549771;113,73320007324219;122,52498321994968;164,48963928222656;169,23414442911724;609,079833984375;612,2826648529865
153;387,6125793457031;401,9182238008914;111,4037551879883;119,62952849877378;161,67938232421875;167,03946534928238;600,7059936523438;605,9039445712981
154;375,9220886230469;400,250878617755;109,6441650390625;116,62236665389985;153,7967071533203;164,78891555966234;574,9463500976562;598,1352829464585
155;372,5379943847656;394,4948763919749;108,35446166992188;113,83101006671974;154,10565185546875;160,63375274330173;574,5675048828125;581,6452043668813
156;379,28631591796875;387,4956808887989;110,12405395507812;110,34184159478721;156,5272674560547;157,9278231943131;584,1774291992188;566,6981008741684
157;379,2367248535156;391,3551471532365;110,39398193359376;111,2214661756501;156,49732971191406;159,19468878471702;582,1138916015625;575,4237493401721
158;370,2752990722656;394,1037665913412;101,7760238647461;111,7448285122406;150,1991729736328;160,22803547432756;529,966552734375;580,4238057588393
159;357,10614013671875;377,4310910677472;94,28778076171875;104,28195018975795;145,09689331054688;153,74462733600186;503,16024780273443;537,8839206126335
160;355,14117431640625;364,13098918417927;97,61698913574219;97,06572383482884;146,242919921875;148,36489524431903;514,6444702148438;507,9673663448974
161;351,86627197265625;362,8851657812726;96,27731323242188;95,0512916491606;144,19998168945312;148,11662840148344;508,86248779296875;509,036561983607
162;387,5232849121094;363,01532432603597;114,30306243896484;97,06339865657199;158,16160583496094;147,76758187125526;583,9482421875;520,5926455496024
163;378,45269775390625;389,66814319703366;107,5446548461914;105,75288360048742;152,2919464111328;156,94192719054186;544,591064453125;552,8026248338822
164;385,4988098144531;386,3814694051446;110,90386199951172;105,79557247681109;156,5970001220703;155,45496267672996;541,8795166015625;552,0224130434349
165;384,8636169433594;391,6519940974102;110,68391418457031;108,5105352938687;158,52033996582034;157,0740773121939;529,8270263671875;545,4516472489009
166;382,7994689941406;396,1621719016801;112,1735610961914;111,0849816117944;155,76986694335935;159,56544553614776;519,8980712890625;543,9967159111303
167;368,7867126464844;395,2545317279132;104,46538543701172;111,80025633487476;152,80018615722656;159,08778454323473;500,7477722167969;533,0676730941326
168;364,9858093261719;383,01680263772613;101,4660873413086;106,48311872686274;150,63766479492188;155,36311329030485;499,9203796386719;511,63032788697296
169;356,3916320800781;380,57769586341425;96,88717651367188;104,50829129713031;147,15972900390625;154,92350857670854;483,1526794433594;507,9652886684235
170;364,0331115722656;371,28125574671844;98,86669921875;100,15093975202687;150,9466094970703;151,1660787761429;498,7240905761718;495,10167273162523
171;371,5456237792969;374,6222099525279;102,68579864501953;100,33549730417323;154,8131866455078;152,84291011023032;518,6519775390625;500,9152312615837
172;384,35748291015625;383,0081316144469;106,4049301147461;103,13647217261621;158,7296142578125;156,46218896309276;531,4918823242188;518,0954992055952
173;388,8729553222656;390,79277920916667;110,98385620117188;105,0291577093443;161,4003448486328;159,5400695157988;545,5679931640625;524,796485270837
174;388,1882019042969;399,1964221686724;108,70439147949219;108,35797722919699;160,0550079345703;163,62564218785658;548,0302734375;536,3722109865861
175;391,04632568359375;399,56915606717126;108,99431610107422;108,8797270144658;159,60658264160156;162,78062263587097;552,7156982421875;541,6483324584092
176;392,25701904296875;401,9955497105223;108,89433288574219;109,50291688947301;158,2512664794922;162,66102373743243;547,2926025390625;545,0138110217661
177;422,16802978515625;395,3230296038887;111,58370208740236;106,62305897680858;160,7426300048828;159,4275579150785;570,430419921875;530,4503211207399
178;431,9729919433594;421,2168813177094;114,47303009033205;111,85731929124432;163,4632110595703;164,38720888910032;595,1632690429688;566,682263469589
179;432,8562316894531;429,20503375109837;113,7931900024414;113,84170270330777;163,642578125;166,2218256058529;597,40625;579,367188987567
180;430,0179138183594;432,3584137250035;113,51325988769531;113,86686855188478;162,6659698486328;165,91324830656137;585,4834594726562;585,3540631742288
181;430,0576477050781;431,7386633505181;117,03242492675781;112,87911831806957;150,85691833496094;165,3008144965935;594,953857421875;579,98870342962
182;434,84100341796875;435,67445378807906;117,34235382080078;113,1302344798756;153,7468719482422;160,33397445991577;596,150146484375;575,5104023812484
183;435,39678955078125;444,4290765802151;116,62252044677734;116,8997976417397;152,22219848632812;160,73235359708835;590,6473388671875;592,8667447236335
184;445,8467712402343;448,98975547706704;122,97102355957031;118,24500553389095;157,91246032714844;160,139165221517;637,4412841796875;597,4664140516469
185;445,7276916503906;456,3317077235641;129,89938354492188;121,6830625840393;158,978759765625;162,33884378551303;653,98974609375;618,259214529305
186;449,498779296875;459,3950269090436;135,30810546875;125,52595869741147;164,79855346679688;162,14006452522008;657,309326171875;633,8507751621519
187;450,51293945312506;462,72801182965776;134,79823303222656;129,81947532394875;163,39344787597656;164,15482435482983;641,8775024414062;641,9520898056405
188;451,6463317871094;464,12153914762604;135,36810302734375;131,41302031436902;165,61572265625;164,69913999335733;638,3485107421875;636,4016921354314
189;456,2197570800782;465,81216209441084;135,53805541992188;132,83373154961873;165,96450805664062;166,8835748414621;638,438232421875;629,2226469877244
190;455,5238342285157;466,96755438717736;134,34832763671875;133,05232083351765;163,41336059570312;166,94380524526204;635,1185913085938;629,9376456486546
191;449,95617675781256;467,36310388137207;131,76895141601562;132,66627965120972;167,9775390625;166,71872392999578;633,5235595703125;629,2006044012559
192;452,23291015625006;461,3907304192839;132,7987060546875;130,5338479767056;170,279541015625;167,21261690558455;634,5902099609375;623,4909359737326
193;447,5799560546875;463,53466697576715;131,25906372070312;130,58154613334275;167,8878631591797;170,24701028106466;625,1097412109375;625,2093942359728
194;458,0292663574219;459,11565612308084;135,4680633544922;129,75725356679308;172,30255126953125;168,85629141510515;640,3223876953125;622,5492242255254
195;454,7184753417969;468,98742103872166;134,7782440185547;132,7632544266798;171,76441955566406;172,00117921648877;641,5784301757812;635,0780260080337
196;456,03088378906256;467,23449284588855;139,15721130371094;132,89497871776223;171,2661437988281;174,63490044056783;643,0438842773438;634,1981326808803
197;457,70117187499994;467,64872526503075;135,09817504882812;135,93190860405082;171,14654541015625;174,28714562313306;645,476318359375;636,0319086937836
198;459,30187988281256;466,3119393190249;137,34764099121094;133,02642981019613;168,4459228515625;173,4525948613379;668,8134765625;632,975809138325
199;460,2960815429688;466,4072586519837;141,1867218017578;133,57448550690884;165,60575866699222;171,96094711747443;664,7760009765625;643,9126939465172
200;461,1908874511718;468,7770611606973;141,88656616210938;135,61017759086081;167,4693145751953;170,5771185326416;685,8104858398438;649,4213339137063
201;464,9788818359375;470,9762642578488;139,95701599121094;137,35210157896273;167,62876892089844;170,40415110392024;682,49072265625;663,0999596920364
202;467,6632995605469;472,62113645306636;141,6865997314453;137,17728535491932;173,07984924316406;171,2059295835555;695,5401000976562;670,5925714286343
203;470,0196228027344;476,8098215260175;142,59640502929688;138,64420552764068;175,69395446777344;173,96001439341262;691,9013671875;679,7751926770927
204;468,2001953125;477,26516464263756;143,92608642578125;139,61133897330186;178,1983337402344;176,0463698829654;700,2155151367188;679,1713218078386
205;469,89035034179693;476,46525217206755;142,80625915527344;139,52083631777234;176,9511260986328;178,24810298211017;691,9811401367188;677,7517370237392
206;476,104248046875;480,6068172661505;144,9759063720703;140,8976764964154;175,30484008789062;178,53517306415418;691,20361328125;680,7306218710438
207;472,2168273925781;483,3949419114564;141,94639587402344;141,6710072375343;174,27716064453125;177,20420539857682;680,7462768554688;680,077507797745
208;476,37274169921875;480,8918873474803;144,66595458984375;140,15088471179203;176,3724365234375;176,46998682141336;700,4749145507811;673,1136114588569
209;475,2790832519531;482,5728193848236;144,09603881835938;141,70287493962402;175,5542755126953;177,4589360969123;695,5963134765625;683,2369785319369
210;477,4663391113281;482,4549843619929;145,455810546875;141,7133175639971;172,93020629882812;177,311856126625;694,1397705078125;683,0270287850161
211;474,6427307128906;483,2079500558882;143,8260955810547;141,91147748467478;166,26522827148438;176,60248465105647;680,7512817382812;682,1506281854809
212;483,1930847167969;480,44253907983637;144,1460418701172;141,02867433794;164,8184814453125;172,68766842440326;696,8933715820312;672,0501490332364
213;487,2793273925781;484,01571756937483;147,87539672851562;141,40934731006368;166,3949432373047;171,72756718417529;710,5313110351562;677,7728669619808
214;489,4268798828125;492,0302264476392;154,28436279296875;144,69460272416887;170,29612731933594;174,1292784239677;707,01953125;695,3714994686998
215;494,5769653320313;495,45286659394833;154,99423217773438;148,88438546437564;173,14968872070312;175,59097930993397;724,3888549804688;696,1237028752998
216;493,07568359375;499,33610067590064;157,72378540039062;152,2584243566628;178,12847900390622;177,45583034675997;731,9110717773438;705,1713568807705
217;494,53717041015625;497,9614083060705;157,96376037597656;151,98357824787934;175,83364868164062;178,25849099954357;736,3606567382812;702,2725799232699
218;489,2080993652344;502,0986071782949;153,2745361328125;154,7015886437;175,44451904296875;179,77763326659326;717,5348510742188;720,4695993163783
219;488,2536926269531;496,9944932169106;157,22386169433594;152,9113131630043;178,23822021484375;178,5430154047041;711,8981323242188;710,6257384383331
220;495,9589538574219;495,8074686581708;159,3135223388672;154,21568350276195;179,126220703125;180,4630648594996;717,3253784179689;705,1801985046303
221;494,8453979492187;497,96946377565865;158,21371459960938;156,74589033381255;176,3923797607422;182,16285988128217;716,6668701171875;706,5213367808186
222;493,75173950195307;497,79984559625757;159,97340393066406;156,5659958104346;173,9678497314453;181,09291152590964;718,9814453125;702,8299268846911
223;500,6019897460937;496,22832867717307;162,85293579101562;157,33032014444876;176,2227783203125;179,40687200845807;731,0631103515625;700,4054744569568
224;498,5836791992187;502,91290969136844;164,07273864746094;160,12485483310456;177,22052001953122;180,89199393570996;725,5360107421876;710,9265440139586
225;500,4130554199218;502,17413001512404;164,89259338378906;161,54322477584572;179,7847442626953;181,80578091174277;715,8288574218749;711,3710630238638
226;500,1147766113282;503,398603671406;164,04273986816406;162,70179744571092;181,15164184570312;184,7024249823192;719,2308959960938;704,2591228858935
227;502,89862060546875;501,0318559530479;170,671630859375;162,28830471026546;181,59068298339844;186,31207867062568;708,7255249023438;701,150249392625
228;502,6997985839844;502,57359185755945;171,34152221679688;166,12128373211135;182,55848693847656;187,3315873557131;701,2630615234375;695,0123833645473
229;508,7446594238281;501,71208106464155;172,97125244140625;166,66838927981232;183,1671142578125;187,70913207718945;699,7665405273438;688,5736404836724
230;507,1041564941406;504,3121839806166;172,38134765625;168,4452044638943;184,64378356933594;188,23458704623022;702,6298828125;683,0688191958576
231;507,11413574218744;505,48975245097336;171,35153198242188;168,92696950161314;189,67245483398438;189,24052565317885;711,2994995117186;681,3311414823336
232;502,3517761230469;504,72918287255567;167,00225830078125;168,46828177302746;190,90966796874997;193,05423319091122;703,1586303710938;685,7200052992703
233;502,94830322265625;504,14777968596167;170,75161743164062;166,78932844050132;189,80216979980466;194,86187780613545;711,9081420898436;686,797627998597
234;507,9294128417969;504,8118935276601;173,7111358642578;167,34797477352873;191,73780822753906;194,87426076423162;713,1251831054688;690,4120595672973
235;510,7430725097657;507,2053979754096;173,47117614746094;169,2146264865532;192,74551391601562;197,32162376655043;711,0101928710936;691,8574763721118
236;509,5400085449219;511,08446516420275;176,7206268310547;171,42445722498974;192,1468811035156;199,3799587592964;715,9486083984376;695,536621045402
237;509,609619140625;510,1396510215296;175,48081970214844;172,86949573028684;195,30973815917966;200,46870742102254;698,3599243164062;694,995854923894
238;510,2757568359375;505,9374876483447;179,24021911621094;172,7898181493143;196,08799743652344;201,07060691558945;693,5811767578125;680,6422085111001
239;530,4187622070312;508,0652202949773;177,84043884277344;174,24402135108537;191,46839904785153;202,9582749173632;771,6278076171875;676,0956088471229
240;521,0829467773438;525,8263539232333;173,69113159179688;176,3703215419419;188,70465087890622;200,75091982230643;748,2527465820311;734,3645984650094
241;532,5463256835938;516,012621928457;179,9700927734375;172,7577349065783;194,60133361816406;196,32571926322422;774,5509033203124;727,4763585195553
242;524,7019653320312;524,1471837780276;178,23037719726562;176,16454869481564;194,232177734375;199,9360646232082;761,6712646484375;742,2408325751762
243;521,908203125;520,7629486550921;179,3901824951172;176,50650942932907;195,6489715576172;200,17678664077724;770,1812133789064;739,4019511194568
244;517,8318481445312;517,7920698204454;180,73997497558594;176,83428705392618;196,07801818847653;200,4420690300019;760,0449829101564;739,4950381928448
245;519,0249633789062;514,4522533015728;182,66964721679688;178,43580640476523;200,96699523925778;200,57165341305983;767,4975585937499;733,5007055391761
246;518,7565307617188;514,5151753712591;182,0297393798828;179,53505348175696;200,54794311523435;202,338271774397;764,0755004882812;730,9528682947439
247;526,183349609375;516,0519141418033;183,1295623779297;180,8230164894803;202,8826751708984;202,92410764445162;788,1489868164062;735,7097481213452
248;517,5733642578125;519,5088240214756;181,55982971191406;181,5294912402896;201,50579833984372;205,45135286911034;778,2523193359374;745,3115889457231
249;519,4623413085938;515,1513355853701;181,98974609375;180,65469545950666;202,48358154296872;204,3738220247244;780,2974243164062;747,6123559076739
250;517,1657104492188;514,3087295876518;180,42001342773438;180,55595206212863;203,44140624999997;204,9823609865628;783,3901977539062;748,1375696081474
251;514,1134643554688;512,0798413436639;181,979736328125;179,05202266329337;203,04232788085935;205,7992128011686;765,572021484375;748,869821037695
252;506,82577514648443;510,69576238856916;175,61080932617188;180,30647385989536;201,11668395996094;205,61865119594054;749,71923828125;742,6800570697571
253;502,79916381835943;501,5218699738652;175,370849609375;176,4803059916616;198,87171936035153;203,17729143484593;745,9680786132812;728,859112111291
254;502,15185546875;492,5878177125336;174,95091247558594;173,1789730276881;199,3007354736328;202,61610285029616;737,3682250976562;712,9221139586427
255;505,1295166015625;492,81590552890657;177,96043395996094;174,0073246496584;205,62648010253903;204,23099432384004;753,0214843749999;712,838670476421
256;502,17181396484375;490,3159668185522;179,78012084960938;172,98753117494007;208,0211029052734;206,1684986315715;751,5349731445314;711,2673054006053
257;499,96099853515625;493,028408322728;181,7397918701172;176,18702058277668;206,67411804199216;208,6808558018138;752,3331298828125;720,726522349002
258;504,6415100097656;491,2469536108859;181,56983947753906;177,36548141494876;207,0133514404297;207,97192012937586;745,62890625;719,716948659579
259;507,52951049804693;493,3259631033768;180,1400604248047;178,29932225674145;211,16401672363278;208,84661600756172;749,35009765625;718,4141342453835
260;504,59173583984375;494,4669340150596;174,1510467529297;177,55810424297806;212,43115234375;210,35823176339255;736,9691772460938;714,7680418225783
261;503,0282287597656;491,5152586114879;170,75161743164062;173,91923150131228;210,87466430664062;211,95408165200726;733,3875732421875;707,4955784348354
262;503,2572937011719;483,5590559704035;170,59165954589844;169,20709979821598;230,14123535156247;210,09245957554484;735,3230590820312;693,6558332400156
263;505,866455078125;489,0905409669077;171,63148498535156;168,17310007267636;231,7775421142578;221,14826804308362;746,8959350585938;692,0238926610543
264;492,9501647949219;493,0416613000421;166,9922637939453;170,04297119417515;234,47148132324216;225,03557640039526;750,6870727539062;711,5875001618891
265;496,13690185546875;487,69480613783713;168,2820281982422;167,33120289333837;233,72247314453125;226,8490480665621;750,5373535156249;713,6893261231208
266;496,34603881835943;487,71383305956687;170,7316131591797;168,20801093114082;239,30491638183594;228,97825538516932;763,9059448242188;719,9477273201825
267;498,29791259765625;490,62897143858504;177,300537109375;170,1736907013736;238,84552001953122;231,33881809942235;750,2180786132812;728,7730302471577
268;498,9352722167969;492,8071886949494;177,1505584716797;175,3287696439333;240,0438995361328;233,3971257404396;749,1406250000001;723,3567803931618
269;507,7884521484375;491,90206943128925;177,80047607421875;177,1156332617765;240,4733123779297;234,25680509482626;753,8197021484375;720,2442739541998
270;513,225830078125;495,1390948600377;177,73049926757812;177,54565889233635;251,26864624023432;235,60099657075523;762,9082641601561;717,3526485567432
271;506,9320068359375;499,5682716086453;174,86080932617188;176,9087947553753;250,81925964355466;240,49194403178092;777,1747436523439;720,992949860269
272;507,9079284667968;499,3676961663377;170,27130126953125;176,7032230313581;249,19146728515625;243,30854284979722;773,9024658203125;734,1123043185975
273;506,3444519042968;496,11893025342147;176,2206573486328;173,9334078122234;251,68807983398438;242,99781016470658;778,421875;737,6019128236092
274;515,78515625;497,8788082686026;176,6505889892578;177,16473973547315;254,3744354248047;245,0478386021186;776,5562133789064;744,1437656378698
275;512,319580078125;504,22486476874394;183,58984375;177,99405826114895;252,18739318847656;246,92868477288448;763,8824462890625;746,0733146659059
276;507,1212463378907;505,1742807877382;178,410400390625;182,50647304073559;251,3185882568359;247,80966750314153;754,1387329101561;743,4295405960823
277;508,03738403320307;499,2929043425074;176,9505615234375;181,99103874026127;246,80470275878903;246,1146091931224;759,3899536132812;730,2764766019862
278;504,9303283691407;497,1649500637411;177,67050170898438;181,1084193913106;245,45654296875;243,87166228595788;747,6595458984375;726,741117557973
279;509,34197998046875;498,03952449287414;178,17044067382812;180,72545661093991;246,20552062988278;241,68999643122447;742,5081787109375;720,3815243613559
280;512,4689331054688;500,3443265981806;181,83004760742188;181,83603374655286;243,7189025878906;243,64433408747473;742,1587524414062;718,6426451570452
281;515,8051147460938;501,4679334773529;186,55950927734375;183,6322735160418;242,77020263671875;242,00736374514986;733,1538696289062;714,0138176235687
282;517,557861328125;503,0539578957746;187,21945190429688;185,45572772331852;244,56774902343747;240,91547346573432;716,1422729492188;709,6351740608105
283;513,604248046875;504,52597226463513;188,8692626953125;186,8754430012506;245,3566741943359;241,47326521721763;725,8360595703124;696,3958507084395
284;515,20751953125;502,5314947026181;187,5994110107422;189,29240520435033;245,0171508789062;242,14760946874216;709,3735961914061;700,1275675031302
285;526,3811645507812;500,74765385374917;185,51962280273438;188,9307053636046;250,0902404785156;239,30976951915432;714,4650878906251;691,8119778793786
286;521,8101196289062;509,52552530659347;185,01968383789062;188,18516557352666;245,42657470703122;243,8821454862737;711,889404296875;682,8594626953121
287;522,676513671875;509,5647763657315;189,0892333984375;189,05480923112006;244,28813171386716;242,90467597118268;716,6414794921875;686,9137237906331
288;520,2366943359375;510,78333790476546;192,54885864257812;190,24972608713895;241,2023162841797;241,1872562697795;732,2852783203125;689,069285566501
289;508,84405517578125;509,0039754828292;183,139892578125;193,09086862675866;236,24906921386716;238,2003613819478;704,1223754882812;699,4069855468914
290;511,9212341308594;497,5086369635597;188,29933166503906;187,0672507376749;243,81875610351562;233,95338182242378;714,5050048828125;686,1930525762618
291;511,4432373046875;503,55180907442525;180,01022338867188;189,21728966565365;245,11698913574216;238,28429324192274;707,4667968749999;691,4451778787699
292;511,3038024902344;497,8936053025312;179,8102569580078;184,37608431270664;250,68942260742188;238,65381565405804;716,3519287109375;679,9199154228779
293;509,49133300781244;500,5449304555435;181,7900390625;183,3783231337584;251,1188507080078;242,39182537128843;710,881103515625;685,7368660955701
294;511,4532470703125;497,19209896851135;183,19989013671875;182,41728414144134;252,95634460449213;242,96908016138892;715,7229614257812;683,0686364242407
295;514,6498413085938;498,23403900929713;182,6199493408203;182,6455650933791;256,2019348144531;244,33841673965668;730,9475097656249;683,1167550884729
296;515,5162963867188;501,6289990030774;181,14010620117188;183,64357230530305;250,12020874023438;247,3359065487538;732,0457153320312;695,0368381733906
297;518,3843994140625;500,9006240785385;180,2602081298828;182,02576238322564;251,3485412597656;243,6158016671214;732,1854248046875;698,7955934024417
298;518,404296875;505,5201671424342;182,13999938964844;181,58911496959558;252,73666381835938;244,70087770491588;732,7744750976562;700,3949085387271
299;521,441650390625;508,03169666845776;186,23953247070312;183,39634618897148;259,56738281249994;245,71078334412275;737,127197265625;708,6227878328665
300;529,3189697265625;508,20764984408913;191,46897888183594;186,339884060525;268,9046630859375;248,04588484756553;749,5663452148438;707,9687120913387
301;539,8252563476562;518,841742909904;201,0079345703125;190,6230227078856;267,1071472167968;254,81837287586805;750,1853637695312;715,8857992455197
302;539,307373046875;528,3574445951816;207,01727294921875;196,1301291092622;274,197509765625;256,6580722323479;750,4149169921876;718,7756673487513
303;523,582763671875;529,9016837363745;202,8677215576172;202,0813585654218;281,09814453125;259,7518513161332;665,3572387695312;713,5468701667376
304;515,6656494140625;520,764025384591;202,4677734375;198,8642026981198;280,8085021972656;267,5652232982451;647,2674560546875;644,1237992305776
305;514,888916015625;511,29190155905627;206,85728454589844;199,65265510343383;283,3350830078125;266,16375898548984;636,645263671875;635,8082565408777
306;512,2001342773438;510,17751600011917;198,66818237304688;203,95698806901822;277,16345214843744;267,5288910840268;626,2725830078125;630,0007323737265
307;505,0597839355468;500,2343400304195;195,18858337402344;198,64648391165812;283,92425537109375;263,404805539617;634,88818359375;612,2641409225898
308;495,04144287109375;497,6271271200839;188,05935668945312;196,32340631738114;284,3636779785156;266,0246025573341;617,9065551757812;614,6946693488496
309;494,7626037597656;487,6944104171917;188,1293487548828;190,62362565834823;278,45172119140625;266,82904181685217;620,6719360351562;603,0156822174664
310;503,9045715332031;483,009051895526;199,0281524658203;186,63195209516275;289,7064208984375;264,96905687141276;630,7052001953125;595,2866708525605
311;506,57348632812506;492,06387106302714;193,1387939453125;194,01003405593212;290,914794921875;271,2834638931743;626,0330200195312;607,4307554048677
312;509,02331542968744;491,1475345331925;193,7787322998047;193,01812044747606;286,3210144042969;272,9741358694612;607,9931640625;603,621174418225
313;501,205810546875;491,3485364262075;186,8394775390625;192,7209873715666;278,19207763671875;272,4371113012549;608,8717041015625;595,5648331901883
314;508,0672607421875;484,76666632352845;190,14910888671875;188,13552872269187;276,0350036621094;266,7560888299036;608,4424438476562;588,3312554128554
315;505,3883972167969;484,2391465470308;186,5795135498047;186,7050006569792;284,63330078125;263,6333395362872;601,0048217773438;585,6697471353712
316;491,74517822265625;482,72913488702056;181,340087890625;184,7773114826663;283,8943176269531;268,5448304797797;596,6920776367188;578,0959113964298
317;485,10275268554693;473,8117787324414;186,49952697753906;180,14542463443308;292,4127502441406;266,6034177754872;589,3343505859375;569,1878001613577
318;477,3404846191406;474,3549538680109;180,6201629638672;181,84711509508813;289,05731201171875;270,73613719382536;588,1663208007812;566,5366846050349
319;471,04486083984375;469,905861711298;178,86036682128906;182,05412766212575;299,25347900390625;271,5808254464299;593,2578125;566,4907329797054
320;472,92059326171875;464,02233634448214;182,52996826171875;177,43155308522924;318,14776611328125;273,72572311794806;612,0264282226562;563,9440443261763
321;475,90374755859375;468,7966998262761;177,80047607421875;179,30046092713607;323,0011901855469;284,42761619673973;635,1576538085938;578,3143515336434
322;484,3943786621093;469,93704419129483;180,24020385742188;177,43431470203024;319,5159606933594;290,51142956101313;632,5520629882812;591,5495408306936
323;490,8895874023438;478,68506144889307;176,98056030273438;182,75319338990383;319,7456359863281;292,14308039869155;646,8681640625;608,2986956727575
324;485,6315612792969;481,02065688817004;179,90025329589844;183,00432277334923;314,46282958984375;294,5372643788447;639,7999267578125;617,1219393839841
325;488,88415527343744;473,9350874499204;181,44007873535156;180,81788907339495;315,38153076171875;290,4641596813872;646,01953125;610,4689641180993
326;476,64208984375;476,7114014332829;179,57028198242188;184,23925641420163;319,19635009765625;291,0407493078691;638,5320434570312;617,4997419772167
327;479,7449951171875;469,7413598688708;183,37008666992188;182,4591434934478;317,1890869140625;291,5279892637111;660,425537109375;616,4715334053063
328;482,0597229003906;472,9893793309964;182,40013122558594;185,23105233306993;320,8341064453125;294,3306208351284;672,2955932617188;632,9358125676912
329;489,9018249511719;471,9440489032425;185,5399627685547;185,4091067174912;313,49932861328125;295,04213960142084;665,6866455078125;636,1042857947965
330;490,89953613281244;476,3399833317275;184,95999145507812;187,3158318838529;316,85693359375;292,0138606379239;655,8631591796875;639,8423884361724
331;477,4701843261718;480,4859869817087;183,77005004882812;188,3165003179629;319,9847412109375;292,0356863707237;649,0444946289062;634,880144548677
332;482,36901855468744;474,9347678619757;180,92019653320312;186,21172900501168;312,210205078125;291,98069891828425;651,6201782226562;627,9295439791778
333;477,4402770996094;476,3134408661349;175,01052856445312;184,27623040082227;309,07244873046875;290,8533998944167;643,1543579101562;628,0710984472097
334;473,73870849609375;473,8755031702508;176,28045654296875;182,30031288092204;308,003173828125;287,54717103823776;646,9561157226562;633,3562227039818
335;475,3051452636719;471,1499858859944;177,71038818359375;180,81182558588284;306,3543395996094;284,0003530111193;656,587890625;629,7545075716334
336;475,0357360839844;471,08846143220757;170,93075561523438;181,48162727288258;296,5112609863281;282,04402787413665;648,9443969726562;634,733322349021
337;482,8778686523437;466,5691878075245;174,1305694580078;177,30322797563727;302,2472229003906;278,1869732391892;663,881591796875;631,5283536227307
338;484,8134460449219;473,06789360636975;180,98020935058594;178,774253358106;306,9439392089844;280,1009161748027;658,2064819335938;643,2386666242662
339;483,81573486328125;479,2914538241266;183,6800537109375;180,14271540033403;309,56207275390625;282,53524125414964;660,9341430664062;641,6669770985858
340;485,74133300781256;480,55121891225224;189,19976806640625;184,98520059340052;314,1288757324219;284,9896877069025;664,3711547851562;647,517818535051
341;486,90863037109375;485,8663060564872;188,59979248046875;188,59610793487377;313,8690490722656;286,83500846055625;666,9789428710938;649,4313075451001
342;486,59936523437494;485,2267171585802;190,51968383789062;190,40680956140383;313,2894592285156;287,6708081335939;662,7225952148438;647,1238032525866
343;485,9907531738282;484,2821528911243;188,20980834960938;192,230807112496;313,33941650390625;286,91667568963874;658,1265258789062;643,3202683309744
344;486,3699035644532;479,8219843926214;187,52984619140625;189,97757572978105;313,6292419433594;286,58164291325323;665,3803100585938;636,263060386208
345;482,5186767578125;481,24210633659396;186,4899139404297;190,1001129483745;312,7798156738281;286,77992433648365;659,5253295898438;644,4185829382847
